id,answer
1, บาท
2,"
หลักการของการประเมินมูลค่านั้นจะเป็นการคิดลดกระแสเงินสดที่จะทยอยได้รับในอนาคตกลับมาเป็นมูลค่าปัจจุบัน"
3, ลงทุนตามหลักทรัพย์ในตลาด
4, แล้วดำเนินการที่นายทะเบียนของตราสารหนี้รุ่นนั้น
5,	ลำดับเหตุการณ์ที่เกี่ยวข้องกับการจ่ายเงินปันผล
6, แล้วดำเนินการที่นายทะเบียนของตราสารหนี้รุ่นนั้น
7,"
หลักการของการประเมินมูลค่านั้นจะเป็นการคิดลดกระแสเงินสดที่จะทยอยได้รับในอนาคตกลับมาเป็นมูลค่าปัจจุบัน"
8, บาท
9, บาท
10, บาท
11, ดอกเบี้ยที่ได้รับจาการลงทุนในตราสารหนี้
12, แล้วดำเนินการที่นายทะเบียนของตราสารหนี้รุ่นนั้น
13, บาท
14, ปี
15, บาท
16,"
หลักการของการประเมินมูลค่านั้นจะเป็นการคิดลดกระแสเงินสดที่จะทยอยได้รับในอนาคตกลับมาเป็นมูลค่าปัจจุบัน"
17, บาท
18, ปี
19, แล้วดำเนินการที่นายทะเบียนของตราสารหนี้รุ่นนั้น
20, 1.หุ้นสามัญ 2.หุ้นบุริมสิทธิ
21, บาท
22,	เงินปันผล = เงินปันผล / ราคาต้นงวด
23, 2 ประเภทดังนี้
24, แล้วดำเนินการที่นายทะเบียนของตราสารหนี้รุ่นนั้น
25, เป็นการประเมินมูลค่าจากสินทรัพย์หรือกระแสเงินสดของกิจการ
26, เป็นเอกสารที่ให้ข้อมูลที่สำคัญกับผู้ลงทุน
27,"
หลักการของการประเมินมูลค่านั้นจะเป็นการคิดลดกระแสเงินสดที่จะทยอยได้รับในอนาคตกลับมาเป็นมูลค่าปัจจุบัน"
28, แล้วดำเนินการที่นายทะเบียนของตราสารหนี้รุ่นนั้น
29, บาท
30, แล้วดำเนินการที่นายทะเบียนของตราสารหนี้รุ่นนั้น
31, บาท
32, Fund)
33,"
หลักการของการประเมินมูลค่านั้นจะเป็นการคิดลดกระแสเงินสดที่จะทยอยได้รับในอนาคตกลับมาเป็นมูลค่าปัจจุบัน"
34, 2 รูปแบบ
35, บาท
36, บาท
37, ดอกเบี้ยที่ได้รับจาการลงทุนในตราสารหนี้
38, สินทรัพย์ที่บันทึกในบัญชีนั้นอาจไม่เท่ากับราคาตลาด
39, บาท
40,"
หลักการของการประเมินมูลค่านั้นจะเป็นการคิดลดกระแสเงินสดที่จะทยอยได้รับในอนาคตกลับมาเป็นมูลค่าปัจจุบัน"
41,"
หลักการของการประเมินมูลค่านั้นจะเป็นการคิดลดกระแสเงินสดที่จะทยอยได้รับในอนาคตกลับมาเป็นมูลค่าปัจจุบัน"
42, แล้วดำเนินการที่นายทะเบียนของตราสารหนี้รุ่นนั้น
43,"
หลักการของการประเมินมูลค่านั้นจะเป็นการคิดลดกระแสเงินสดที่จะทยอยได้รับในอนาคตกลับมาเป็นมูลค่าปัจจุบัน"
44, ปี
45,	ผู้ซื้อหลักทรัพย์จะไม่มีสิทธิเข้าร่วมการประชุมผู้ถือหุ้น
46, บาท
47, บาท
48, แล้วดำเนินการที่นายทะเบียนของตราสารหนี้รุ่นนั้น
49, แล้วดำเนินการที่นายทะเบียนของตราสารหนี้รุ่นนั้น
50, 1.หุ้นสามัญ 2.หุ้นบุริมสิทธิ
51, บาท
52, เข้ามากำกับดูแล
53, บาท
54, แล้วดำเนินการที่นายทะเบียนของตราสารหนี้รุ่นนั้น
55, บาท
56, แล้วดำเนินการที่นายทะเบียนของตราสารหนี้รุ่นนั้น
57,"
หลักการของการประเมินมูลค่านั้นจะเป็นการคิดลดกระแสเงินสดที่จะทยอยได้รับในอนาคตกลับมาเป็นมูลค่าปัจจุบัน"
58," ข้อมูลที่มีผลต่ออย่างมีนัยสำคัญ ต่อราคาหลักทรัพย์,"
59, แล้วดำเนินการที่นายทะเบียนของตราสารหนี้รุ่นนั้น
60, บาท
61, 2 ขั้นตอนคือ
62, บาท
63, บาท
64, กองทรัสต์เพื่อการลงทุนในอสังหาริมทรัพย์
65, บาท
66, บาทต่อปี
67, แล้วดำเนินการที่นายทะเบียนของตราสารหนี้รุ่นนั้น
68, แล้วดำเนินการที่นายทะเบียนของตราสารหนี้รุ่นนั้น
69, 2 ขั้นตอนคือ
70, ชื่อของผู้ออกตราสารหนี้ ซึ่งคือผู้ขอกู้นั่นเอง
71, บาท
72,"
หลักการของการประเมินมูลค่านั้นจะเป็นการคิดลดกระแสเงินสดที่จะทยอยได้รับในอนาคตกลับมาเป็นมูลค่าปัจจุบัน"
73, แล้วดำเนินการที่นายทะเบียนของตราสารหนี้รุ่นนั้น
74, บาทต่อปี
75, Offering)
76,	บริษัทเอกชน
77,"
ตลาดตราสารหนี้นั้นแบ่งออกเป็นตลาดแรกและตลาดรอง"
78, บาท
79, แล้วดำเนินการที่นายทะเบียนของตราสารหนี้รุ่นนั้น
80, ปีย้อนหลัง
81, 2 วิธี
82, แล้วดำเนินการที่นายทะเบียนของตราสารหนี้รุ่นนั้น
83, แล้วดำเนินการที่นายทะเบียนของตราสารหนี้รุ่นนั้น
84, ปี
85, แล้วดำเนินการที่นายทะเบียนของตราสารหนี้รุ่นนั้น
86,"
หลักการของการประเมินมูลค่านั้นจะเป็นการคิดลดกระแสเงินสดที่จะทยอยได้รับในอนาคตกลับมาเป็นมูลค่าปัจจุบัน"
87, บาท
88, ปี
89, บาท
90, บาท
91, เข้ามากำกับดูแล
92, เป็นดัชนีตราสารหนี้ที่มีสภาพคล่องสูง
93, บาท
94,"
หลักการของการประเมินมูลค่านั้นจะเป็นการคิดลดกระแสเงินสดที่จะทยอยได้รับในอนาคตกลับมาเป็นมูลค่าปัจจุบัน"
95, ปี
96, บาท
97, 2 วิธี
98,"
หลักการของการประเมินมูลค่านั้นจะเป็นการคิดลดกระแสเงินสดที่จะทยอยได้รับในอนาคตกลับมาเป็นมูลค่าปัจจุบัน"
99, แล้วดำเนินการที่นายทะเบียนของตราสารหนี้รุ่นนั้น
100, บาท
101, บาท
102, บาท
103, บาท
104, 3 กลุ่ม
105, บาท
106,"
หลักการของการประเมินมูลค่านั้นจะเป็นการคิดลดกระแสเงินสดที่จะทยอยได้รับในอนาคตกลับมาเป็นมูลค่าปัจจุบัน"
107, ปี
108, แล้วดำเนินการที่นายทะเบียนของตราสารหนี้รุ่นนั้น
109, หุ้นที่มีมูลค่าตลาด <50 ล้านดอลลาร์
110, บาท
111, แล้วดำเนินการที่นายทะเบียนของตราสารหนี้รุ่นนั้น
112, บาท
113, ดัชนีความเชื่อมั่น
114, บาท
115,	กระทรวงการคลัง
116, บาท
117, บาท
118, แล้วดำเนินการที่นายทะเบียนของตราสารหนี้รุ่นนั้น
119, แล้วดำเนินการที่นายทะเบียนของตราสารหนี้รุ่นนั้น
120, แล้วดำเนินการที่นายทะเบียนของตราสารหนี้รุ่นนั้น
121, Offering)
122, ปี
123, บาท
124,"
หลักการของการประเมินมูลค่านั้นจะเป็นการคิดลดกระแสเงินสดที่จะทยอยได้รับในอนาคตกลับมาเป็นมูลค่าปัจจุบัน"
125, บาท
126, บาท
127,"
หลักการของการประเมินมูลค่านั้นจะเป็นการคิดลดกระแสเงินสดที่จะทยอยได้รับในอนาคตกลับมาเป็นมูลค่าปัจจุบัน"
128,"
หลักการของการประเมินมูลค่านั้นจะเป็นการคิดลดกระแสเงินสดที่จะทยอยได้รับในอนาคตกลับมาเป็นมูลค่าปัจจุบัน"
129,"
หลักการของการประเมินมูลค่านั้นจะเป็นการคิดลดกระแสเงินสดที่จะทยอยได้รับในอนาคตกลับมาเป็นมูลค่าปัจจุบัน"
130, บาท
131, สมมติ
132, บาท
133, แล้วดำเนินการที่นายทะเบียนของตราสารหนี้รุ่นนั้น
134, บาท
135, ปี
136, ตราสารที่ผู้ลงทุนมีฐานะเป็นเจ้าของกิจการ
137, บาท
138, ปี
139, บาท
140, บาท
141, เป็นกองทุนที่ลงทุนในสินทรัพย์ใดก็ได้
142, ตราสารหนี้ที่อายุ >1 ปี
143, บาท
144,"
หลักการของการประเมินมูลค่านั้นจะเป็นการคิดลดกระแสเงินสดที่จะทยอยได้รับในอนาคตกลับมาเป็นมูลค่าปัจจุบัน"
145, 5 ระดับ
146, บาท
147,"
หลักการของการประเมินมูลค่านั้นจะเป็นการคิดลดกระแสเงินสดที่จะทยอยได้รับในอนาคตกลับมาเป็นมูลค่าปัจจุบัน"
148, แล้วดำเนินการที่นายทะเบียนของตราสารหนี้รุ่นนั้น
149, 2 ลักษณะ
150, บาท
151, แล้วดำเนินการที่นายทะเบียนของตราสารหนี้รุ่นนั้น
152, ปี
153, Offering)
154, 1.หุ้นสามัญ 2.หุ้นบุริมสิทธิ
155, ปี
156, บาทต่อปี
157, บาท
158,"
หลักการของการประเมินมูลค่านั้นจะเป็นการคิดลดกระแสเงินสดที่จะทยอยได้รับในอนาคตกลับมาเป็นมูลค่าปัจจุบัน"
159, บาท
160, 1.หุ้นสามัญ 2.หุ้นบุริมสิทธิ
161, แล้วดำเนินการที่นายทะเบียนของตราสารหนี้รุ่นนั้น
162, แล้วดำเนินการที่นายทะเบียนของตราสารหนี้รุ่นนั้น
163, แล้วดำเนินการที่นายทะเบียนของตราสารหนี้รุ่นนั้น
164, บาท
165, อัตราผลตอบแทนและส่วนเบี่ยงเบนมาตรฐาน
166, แล้วดำเนินการที่นายทะเบียนของตราสารหนี้รุ่นนั้น
167, บาท
168,"
หลักการของการประเมินมูลค่านั้นจะเป็นการคิดลดกระแสเงินสดที่จะทยอยได้รับในอนาคตกลับมาเป็นมูลค่าปัจจุบัน"
169, แล้วดำเนินการที่นายทะเบียนของตราสารหนี้รุ่นนั้น
170, ค่าธรรมเนียมที่กองทุนเรียกเก็บเมื่อผู้ลงทุนสับเปลี่ยนเข้ามายังกองทุน
171, แล้วดำเนินการที่นายทะเบียนของตราสารหนี้รุ่นนั้น
172, บาท
173, ซึ่งการแย่งกันซื้อส่งผลราคาของพันธบัตรอายุยาวเพิ่มขึ้นและอัตราผลตอบแทนของลดลง
174, 3 กลุ่ม
175, แล้วดำเนินการที่นายทะเบียนของตราสารหนี้รุ่นนั้น
176, 2 แนวทาง
177, บาท
178, 2 รูปแบบ
179,"
หลักการของการประเมินมูลค่านั้นจะเป็นการคิดลดกระแสเงินสดที่จะทยอยได้รับในอนาคตกลับมาเป็นมูลค่าปัจจุบัน"
180, บาท
181, ส่งเสริมการออมเพื่อการเกษียณ
182,"
หลักการของการประเมินมูลค่านั้นจะเป็นการคิดลดกระแสเงินสดที่จะทยอยได้รับในอนาคตกลับมาเป็นมูลค่าปัจจุบัน"
183, แล้วดำเนินการที่นายทะเบียนของตราสารหนี้รุ่นนั้น
184, บาท
185,"
หลักการของการประเมินมูลค่านั้นจะเป็นการคิดลดกระแสเงินสดที่จะทยอยได้รับในอนาคตกลับมาเป็นมูลค่าปัจจุบัน"
186, บาท
187, ตราสารที่ผู้ลงทุนมีฐานะเป็นเจ้าของกิจการ
188, ปี
189,"
หลักการของการประเมินมูลค่านั้นจะเป็นการคิดลดกระแสเงินสดที่จะทยอยได้รับในอนาคตกลับมาเป็นมูลค่าปัจจุบัน"
190, แล้วดำเนินการที่นายทะเบียนของตราสารหนี้รุ่นนั้น
191,"
หลักการของการประเมินมูลค่านั้นจะเป็นการคิดลดกระแสเงินสดที่จะทยอยได้รับในอนาคตกลับมาเป็นมูลค่าปัจจุบัน"
192, การขออนุมัติการเพิ่มทุนจากผู้ถือหุ้นล่วงหน้า
193, บาท
194, แล้วดำเนินการที่นายทะเบียนของตราสารหนี้รุ่นนั้น
195, แล้วดำเนินการที่นายทะเบียนของตราสารหนี้รุ่นนั้น
196, บาท
197, บาท
198, แล้วดำเนินการที่นายทะเบียนของตราสารหนี้รุ่นนั้น
199, ปี
200, ปีย้อนหลัง
201, บาท
202, บาท
203, ปีย้อนหลัง
204,"
หลักการของการประเมินมูลค่านั้นจะเป็นการคิดลดกระแสเงินสดที่จะทยอยได้รับในอนาคตกลับมาเป็นมูลค่าปัจจุบัน"
205, บาท
206, บาท
207,"
หลักการของการประเมินมูลค่านั้นจะเป็นการคิดลดกระแสเงินสดที่จะทยอยได้รับในอนาคตกลับมาเป็นมูลค่าปัจจุบัน"
208, ปี
209, บาท
210, บาท
211, 5 เกณฑ์ดังนี้
212, บาท
213, ปี
214, 1.หุ้นสามัญ 2.หุ้นบุริมสิทธิ
215, แล้วดำเนินการที่นายทะเบียนของตราสารหนี้รุ่นนั้น
216,	ผู้ซื้อหลักทรัพย์จะไม่มีสิทธิเข้าร่วมการประชุมผู้ถือหุ้น
217, แล้วดำเนินการที่นายทะเบียนของตราสารหนี้รุ่นนั้น
218, แล้วดำเนินการที่นายทะเบียนของตราสารหนี้รุ่นนั้น
219, ปี
220, บาท
221, บาท
222, บาท
223, แล้วดำเนินการที่นายทะเบียนของตราสารหนี้รุ่นนั้น
224, ปี
225, ปี
226, บาท
227, ค่าธรรมเนียมที่กองทุนเรียกเก็บเมื่อผู้ลงทุนสับเปลี่ยนเข้ามายังกองทุน
228, ลงทุนตามหลักทรัพย์ในตลาด
229, บาท
230, ปี
231, 2 ส่วน
232, ปี
233,"
หลักการของการประเมินมูลค่านั้นจะเป็นการคิดลดกระแสเงินสดที่จะทยอยได้รับในอนาคตกลับมาเป็นมูลค่าปัจจุบัน"
234, ปีย้อนหลัง
235, ปี
236, บาท
237, บาท
238, แล้วดำเนินการที่นายทะเบียนของตราสารหนี้รุ่นนั้น
239, บาท
240, แล้วดำเนินการที่นายทะเบียนของตราสารหนี้รุ่นนั้น
241, บาท
242, บาท
243, บาท
244, บาท
245, บาท
246, บาท
247,"
หลักการของการประเมินมูลค่านั้นจะเป็นการคิดลดกระแสเงินสดที่จะทยอยได้รับในอนาคตกลับมาเป็นมูลค่าปัจจุบัน"
248, แล้วดำเนินการที่นายทะเบียนของตราสารหนี้รุ่นนั้น
249, ปี
250,"
หลักการของการประเมินมูลค่านั้นจะเป็นการคิดลดกระแสเงินสดที่จะทยอยได้รับในอนาคตกลับมาเป็นมูลค่าปัจจุบัน"
251, ปีย้อนหลัง
252, บาท
253, บาท
254,"
หลักการของการประเมินมูลค่านั้นจะเป็นการคิดลดกระแสเงินสดที่จะทยอยได้รับในอนาคตกลับมาเป็นมูลค่าปัจจุบัน"
255, แล้วดำเนินการที่นายทะเบียนของตราสารหนี้รุ่นนั้น
256, บาท
257, บาท
258, แล้วดำเนินการที่นายทะเบียนของตราสารหนี้รุ่นนั้น
259, บาท
260, แล้วดำเนินการที่นายทะเบียนของตราสารหนี้รุ่นนั้น
261, 2 ประเภท
262, แล้วดำเนินการที่นายทะเบียนของตราสารหนี้รุ่นนั้น
263, 2 ประเภท
264, แล้วดำเนินการที่นายทะเบียนของตราสารหนี้รุ่นนั้น
265, แล้วดำเนินการที่นายทะเบียนของตราสารหนี้รุ่นนั้น
266, แล้วดำเนินการที่นายทะเบียนของตราสารหนี้รุ่นนั้น
267, บาท
268, บาท
269, บาท
270, บาทต่อปี
271, บาท
272, ชำระส่วนต่างของราคาด้วยเงินสด
273,"
หลักการของการประเมินมูลค่านั้นจะเป็นการคิดลดกระแสเงินสดที่จะทยอยได้รับในอนาคตกลับมาเป็นมูลค่าปัจจุบัน"
274, แล้วดำเนินการที่นายทะเบียนของตราสารหนี้รุ่นนั้น
275, บาท
